report_date,peer_group,banks,total_assets_bn,roa,roe,nim,noncurrent_loans,efficiency_ratio,leverage_ratio
2020-03-31,1: $1-10B Community/Regional,691,1846.2,0.871,7.89,3.507,0.534,64.19,10.26
2020-03-31,2: $10-100B Regional,118,3341.2,0.644,5.24,3.295,0.537,56.51,9.57
2020-03-31,3: $100B+ Large,31,14117.0,0.521,4.92,2.817,0.857,57.62,9.59
2020-06-30,1: $1-10B Community/Regional,765,2065.9,0.94,8.63,3.462,0.532,61.76,9.64
2020-06-30,2: $10-100B Regional,120,3398.5,0.692,5.95,3.192,0.558,55.14,9.14
2020-06-30,3: $100B+ Large,33,14698.0,0.459,3.35,2.668,1.03,58.9,8.49
2020-09-30,1: $1-10B Community/Regional,776,2057.8,0.989,9.24,3.421,0.507,60.76,9.58
2020-09-30,2: $10-100B Regional,124,3579.7,0.827,7.26,3.194,0.613,54.56,9.11
2020-09-30,3: $100B+ Large,32,14594.8,0.597,5.745,2.729,1.003,59.49,8.56
2020-12-31,1: $1-10B Community/Regional,786,2106.4,1.041,9.83,3.394,0.523,61.0,9.64
2020-12-31,2: $10-100B Regional,123,3591.8,0.896,7.58,3.178,0.611,55.24,9.08
2020-12-31,3: $100B+ Large,33,15189.5,0.816,7.24,2.694,1.083,59.14,8.65
2021-03-31,1: $1-10B Community/Regional,816,2170.1,1.235,12.48,3.235,0.475,59.05,9.59
2021-03-31,2: $10-100B Regional,130,3779.5,1.285,11.41,2.971,0.569,54.98,9.21
2021-03-31,3: $100B+ Large,33,15602.0,1.262,12.85,2.549,1.063,61.45,8.7
2021-06-30,1: $1-10B Community/Regional,828,2201.7,1.25,12.36,3.239,0.422,59.82,9.5
2021-06-30,2: $10-100B Regional,132,3897.1,1.32,11.53,2.953,0.519,55.33,9.1
2021-06-30,3: $100B+ Large,32,15676.8,1.162,11.675,2.424,0.898,61.34,8.51
2021-09-30,1: $1-10B Community/Regional,845,2242.1,1.235,12.245,3.237,0.382,59.67,9.58
2021-09-30,2: $10-100B Regional,131,3693.6,1.32,11.26,2.987,0.479,55.7,9.13
2021-09-30,3: $100B+ Large,35,16328.4,1.099,11.56,2.278,0.831,60.34,8.5
2021-12-31,1: $1-10B Community/Regional,825,2266.2,1.212,12.0,3.229,0.339,60.46,9.53
2021-12-31,2: $10-100B Regional,129,3682.2,1.277,11.285,2.93,0.466,56.1,8.99
2021-12-31,3: $100B+ Large,36,16812.8,1.072,11.25,2.314,0.771,61.55,8.33
2022-03-31,1: $1-10B Community/Regional,839,2255.1,1.021,10.765,3.08,0.308,62.15,9.47
2022-03-31,2: $10-100B Regional,129,3688.9,1.068,9.87,2.872,0.432,56.87,9.36
2022-03-31,3: $100B+ Large,35,17051.2,0.966,10.38,2.488,0.763,60.8,8.4
2022-06-30,1: $1-10B Community/Regional,831,2242.9,1.092,11.66,3.201,0.281,60.58,9.64
2022-06-30,2: $10-100B Regional,128,3643.8,1.118,10.44,3.041,0.378,55.42,9.43
2022-06-30,3: $100B+ Large,35,16853.1,0.976,11.12,2.564,0.689,60.01,8.3
2022-09-30,1: $1-10B Community/Regional,843,2304.8,1.149,12.54,3.335,0.268,59.5,9.71
2022-09-30,2: $10-100B Regional,127,3641.5,1.171,11.07,3.189,0.372,54.17,9.59
2022-09-30,3: $100B+ Large,35,16716.4,1.01,11.96,2.677,0.669,58.62,8.56
2022-12-31,1: $1-10B Community/Regional,837,2335.6,1.168,12.825,3.41,0.265,59.42,9.8
2022-12-31,2: $10-100B Regional,128,3723.4,1.179,11.14,3.223,0.364,53.28,9.71
2022-12-31,3: $100B+ Large,34,16589.0,1.078,12.515,2.678,0.647,56.59,8.75
2023-03-31,1: $1-10B Community/Regional,843,2325.9,1.049,11.945,3.377,0.264,61.19,9.87
2023-03-31,2: $10-100B Regional,131,3690.3,1.108,10.75,3.402,0.374,54.35,9.77
2023-03-31,3: $100B+ Large,33,16774.6,1.13,13.41,2.926,0.714,55.27,8.84
2023-06-30,1: $1-10B Community/Regional,850,2361.9,1.026,11.61,3.301,0.279,62.23,9.93
2023-06-30,2: $10-100B Regional,127,3476.1,1.067,10.31,3.301,0.407,55.58,9.7
2023-06-30,3: $100B+ Large,33,16710.4,1.15,13.0,3.066,0.694,55.05,8.89
2023-09-30,1: $1-10B Community/Regional,856,2393.4,0.999,11.29,3.268,0.305,62.87,10.02
2023-09-30,2: $10-100B Regional,128,3558.8,1.036,10.22,3.291,0.43,55.72,9.71
2023-09-30,3: $100B+ Large,32,16542.3,1.188,12.915,3.147,0.776,53.46,9.05
2023-12-31,1: $1-10B Community/Regional,845,2410.9,0.962,10.68,3.257,0.32,63.52,9.97
2023-12-31,2: $10-100B Regional,129,3521.1,0.964,9.42,3.244,0.444,56.4,9.7
2023-12-31,3: $100B+ Large,33,16824.2,1.052,10.54,3.105,0.819,56.57,9.2
2024-03-31,1: $1-10B Community/Regional,879,2446.5,0.902,9.6,3.122,0.34,66.04,10.04
2024-03-31,2: $10-100B Regional,129,3508.2,0.911,8.59,3.103,0.519,58.9,9.8
2024-03-31,3: $100B+ Large,33,17102.3,1.007,10.16,3.005,0.904,59.67,9.15
2024-06-30,1: $1-10B Community/Regional,880,2473.4,0.902,9.705,3.159,0.373,65.26,10.09
2024-06-30,2: $10-100B Regional,127,3520.2,0.96,8.99,3.098,0.557,57.78,9.97
2024-06-30,3: $100B+ Large,33,16996.3,1.028,11.36,2.976,0.893,57.39,9.35
2024-09-30,1: $1-10B Community/Regional,883,2492.2,0.916,9.77,3.179,0.405,64.42,10.1
2024-09-30,2: $10-100B Regional,130,3595.7,0.952,8.84,3.187,0.593,57.55,10.05
2024-09-30,3: $100B+ Large,33,17230.2,1.067,11.59,2.972,0.989,56.48,9.36
2024-12-31,1: $1-10B Community/Regional,870,2494.4,0.924,9.9,3.235,0.417,64.15,10.06
2024-12-31,2: $10-100B Regional,131,3662.2,0.959,9.29,3.161,0.616,57.41,9.99
2024-12-31,3: $100B+ Large,33,17077.1,1.081,11.31,2.994,0.945,56.93,9.42
2025-03-31,1: $1-10B Community/Regional,892,2533.8,1.013,10.56,3.381,0.429,62.98,10.21
2025-03-31,2: $10-100B Regional,131,3775.3,1.008,9.4,3.239,0.624,56.79,10.04
2025-03-31,3: $100B+ Large,32,17353.2,1.079,11.09,3.008,0.964,56.91,9.58
2025-06-30,1: $1-10B Community/Regional,903,2558.7,1.043,10.835,3.461,0.451,61.49,10.28
2025-06-30,2: $10-100B Regional,128,3817.9,1.043,9.37,3.298,0.615,56.93,10.11
2025-06-30,3: $100B+ Large,31,17756.2,1.075,11.46,2.987,0.875,55.5,9.76
2025-09-30,1: $1-10B Community/Regional,908,2568.1,1.099,11.22,3.548,0.483,60.7,10.36
2025-09-30,2: $10-100B Regional,129,4015.7,1.063,9.54,3.349,0.626,56.96,10.23
2025-09-30,3: $100B+ Large,30,17701.4,1.14,11.725,3.041,0.873,54.44,9.49
2025-12-31,1: $1-10B Community/Regional,911,2588.5,1.125,11.375,3.594,0.5,60.51,10.37
2025-12-31,2: $10-100B Regional,128,4000.1,1.086,10.16,3.385,0.613,55.91,9.9
2025-12-31,3: $100B+ Large,31,17864.0,1.154,11.87,3.081,0.887,55.16,9.63
2026-03-31,1: $1-10B Community/Regional,905,2569.6,1.221,11.87,3.637,0.539,59.79,10.45
2026-03-31,2: $10-100B Regional,128,3807.6,1.19,10.105,3.513,0.676,54.77,10.17
2026-03-31,3: $100B+ Large,32,18940.8,1.164,12.14,3.111,0.886,55.28,9.58
2026-06-30,1: $1-10B Community/Regional,902,2528.0,1.26,12.185,3.704,0.509,59.01,10.5
2026-06-30,2: $10-100B Regional,133,3939.5,1.238,10.69,3.571,0.657,54.95,10.17
2026-06-30,3: $100B+ Large,32,19221.4,1.182,12.565,3.142,0.855,54.78,9.44
